ID de actividad,Fecha de la actividad,Nombre de la actividad,Tipo de actividad,Descripci√≥n de la actividad,Tiempo transcurrido,Distancia,Ritmo cardiaco m√°ximo,Esfuerzo Relativo,Desplazamiento,Nota privada de actividad,Equipamiento de la actividad,Nombre del archivo,Peso del deportista,Peso de la bicicleta,Tiempo transcurrido,Tiempo en movimiento,Distancia,Velocidad m√°xima,Velocidad promedio,Desnivel positivo,Desnivel negativo,Desnivel bajo,Desnivel alto,Pendiente m√°xima,Pendiente promedio,Pendiente positiva promedio,Pendiente negativa promedio,Cadencia m√°x.,Cadencia promedio,Ritmo cardiaco m√°ximo,Ritmo cardiaco promedio,Vatios m√°x.,Vatios promedio,Calor√≠as,Temperatura m√°x.,Temperatura promedio,Esfuerzo Relativo,Trabajo total,N√∫mero de carreras,Tiempo en ascenso,Tiempo en descenso,Otro tiempo,Esfuerzo Percibido,Tipo,Hora de inicio,Potencia promedio ponderada,Recuento de potencia,Usar Esfuerzo Percibido,Esfuerzo Relativo percibido,Desplazamiento,Peso total levantado,Desde la carga,Distancia ajustada en pendientes,Hora de observaci√≥n meteorol√≥gica,Condici√≥n meteorol√≥gica,Temperatura meteorol√≥gica,Temperatura aparente,Punto de roc√≠o,Humedad,Presi√≥n meteorol√≥gica,Velocidad del viento,R√°faga de viento,Direcci√≥n del viento,Intensidad de precipitaci√≥n,Hora del amanecer,Hora del atardecer,Fase lunar,Bicicleta,Equipamiento,Probabilidad de precipitaci√≥n,Tipo de precipitaci√≥n,Nubosidad,Visibilidad meteorol√≥gica,√çndice UV,Ozono meteorol√≥gico,Recuento de saltos,Grit total,Flow promedio,Denunciado,Velocidad promedio durante el tiempo transcurrido,Distancia en tierra,Distancia recientemente explorada,Distancia en rampas de tierra recientemente explorada,Recuento de actividades,Total de pasos,Ahorro en carbono,Largo de la piscina,Carga de entrenamiento,Intensidad,Ritmo ajustado en pendientes promedio,Tiempo cronometrado,Ciclos en total,Recuperaci√≥n,Con mascota,Competici√≥n,Carrera de larga distancia,Por una causa,Multimedia
15228065601,"25 jul 2025, 5:08:52",Nataci√≥n de ma√±ana en piscina.,Nataci√≥n,Bien,3118,1.725,,,false,,,activities/16262244078.fit.gz,,,3118.0,3103.0,1725.0,1.332,0.556,0.0,0.0,0.0,0.0,0.0,0.0,,,,,,,,,316.0,,,,,,,,,,,,,,,,0.0,,1.0,,,,,,,,,,,,,,,,,,,,,,,,,,,,0.553,0.0,,,,,0.0,25.0,,,,,,,,,,,""
15270642292,"29 jul 2025, 4:19:58",Bicicleta por la ma√±ana con Toni,Bicicleta,"",5022,"37,66",,,false,,,activities/16307849969.fit.gz,,9.0,5022.0,4859.0,37666.0,12.855,7.752,131.8,127.5,0.6,13.1,6.7,0.0,,,,,,,,138.0,834.0,,,,,,,,,,,,,,,,0.0,,1.0,,,,,,,,,,,,,,,,,,,,,,,,,,,,7.5,14.4,,,,,0.0,,,,,,,,,,,,media/50251609-3F83-4DCF-985A-2D2E16EFBB1F.jpg
15282593067,"30 jul 2025, 5:07:04",√öltimo entrene con DAVID. ü•πü•π,Nataci√≥n,"",2810,2.800,,,false,,,activities/16320568729.fit.gz,,,2810.0,2802.0,2799.7,4.053,0.999,0.0,0.0,0.0,0.0,0.0,0.0,,,,,,,,,466.0,,,,,,,,,,,,,,,,0.0,,1.0,,,,,,,,,,,,,,,,,,,,,,,,,,,,0.996,0.0,,,,,0.0,0.0,,,,,,,,,,,media/E241E9F5-367A-4205-AA56-424CC3ECC232.jpg
15293846162,"31 jul 2025, 4:29:32",En solitario.,Bicicleta,"",3423,"28,33",,,false,,,activities/16332578771.fit.gz,,9.0,3423.0,3294.0,28331.3,12.954,8.601,66.7,68.9,0.6,13.1,6.6,0.0,,,,,,,,163.0,663.0,,,,,,,,,,,,,,,,0.0,,1.0,,,,,,,,,,,,,,,,,,,,,,,,,,,,8.277,18.6,,,,,0.0,,,,,,,,,,,,media/4D2DC596-C2A7-4BB8-ADB1-CF1F611F882E.jpg
15304947322,"1 ago 2025, 5:03:03","Con Luis , un grandeeeeeüí™üèªüí™üèªü§ó",Nataci√≥n,"",3820,2.979,,,false,,,activities/16344439299.fit.gz,,,3820.0,3813.0,2979.2,2.502,0.781,0.0,0.0,0.0,0.0,0.0,0.0,,,,,,,,,553.0,,,,,,,,,,,,,,,,0.0,,1.0,,,,,,,,,,,,,,,,,,,,,,,,,,,,0.78,0.0,,,,,0.0,0.0,,,,,,,,,,,""
15316457961,"2 ago 2025, 5:21:38",Bicicleta por la ma√±ana con TRICNP. Y el octavo pasajero. ü§≠ü§≠üï∑Ô∏è,Bicicleta,"",14461,"95,54",165.0,382,false,,,activities/16356779024.fit.gz,,9.0,14461.0,12673.0,95542.4,19.664,7.539,763.7,763.6,7.1,575.4,8.9,0.0,,,,,165.0,132.0,,142.0,2248.0,,,382.0,,,,,,,,,,,,,0.0,,1.0,,1754110848.0,1.0,22.7,23.0,19.9,0.84,1013.6,1.4,2.5,300.0,0.0,1754110976.0,1754161920.0,0.25,,,0.0,1.0,0.0,30345.0,0.0,,,,,,6.607,0.0,,,,,0.0,,,,,,,,,,,,media/F38956A6-9D4C-4860-B6B8-F9A81A127EC7.jpg|media/5F23196E-FE10-4719-A79D-62717359E60F.jpg
15326179474,"3 ago 2025, 5:16:21",Con Luis CMP. MUCHAS MEDUSAS ü™ºü™ºü™ºü™ºü™ºü™ºü™ºü™ºü™ºü™ºü™ºü™º,Nataci√≥n,"",3866,3.121,,,false,,,activities/16367223767.fit.gz,,,3866.0,3859.0,3120.9,2.65,0.809,0.0,0.0,0.0,0.0,0.0,0.0,,,,,,,,,548.0,,,,,,,,,,,,,,,,0.0,,1.0,,1754197248.0,1.0,23.3,24.0,19.9,0.81,1016.0,1.3,3.0,17.0,0.0,1754197376.0,1754248320.0,0.375,,,0.0,1.0,0.3,28656.0,0.0,,,,,,0.807,0.0,,,,,0.0,0.0,,,,,,,,,,,media/C4CA938E-AB46-4F23-83C1-60EB2B09F9F8.jpg
15337551859,"4 ago 2025, 4:36:41",Luis y yo. Menos medusas. ü™ºü™º,Nataci√≥n,"",4817,3.688,,,false,,,activities/15337551859.gpx,,,4817.0,1831.0,3687.9,2.0,2.014,0.0,0.0,0.0,0.1,1.1,0.0,,,,,,,,,,,,,,,,,,,,,,,,,0.0,,1.0,,1754279936.0,2.0,25.4,26.7,22.0,0.82,1020.6,1.3,2.4,213.0,0.0,1754283776.0,1754334592.0,0.375,,,0.0,1.0,0.58,23050.0,0.0,,,,,,0.766,0.0,,,,,0.0,,,,,,,,,,,,media/B5668CC4-13CE-402B-BD08-39683467517F.jpg|media/0EA6851D-E26B-4266-8331-2745883D1B6E.jpg
15349311109,"5 ago 2025, 5:07:30",Con TRICNP.,Bicicleta,"",11847,"72,23",,,false,,,activities/15349311109.gpx,,9.0,11847.0,10562.0,72232.9,19.4,6.839,669.9,671.4,7.4,490.3,21.5,0.0,,,,,,,,140.0,1653.0,,,,,,,,,,,,,,,,0.0,,1.0,,1754370048.0,1.0,22.4,22.8,19.1,0.82,1018.8,1.1,1.7,282.0,0.0,1754370304.0,1754420992.0,0.375,,,0.0,1.0,0.01,29379.0,0.0,,,,,,6.097,2824.0,,,,,0.0,,,,,,,,,,,,media/10399C64-AFE0-4A16-BDDC-44AE376FF61D.jpg
15360683232,"6 ago 2025, 4:34:47",3000 con Borja y Luis. Mucha medusa ü™ºü™ºü™ºü™ºü™ºü™ºl√≠nea de boyas.,Nataci√≥n,"",4032,300,,,false,,,activities/16404104907.fit.gz,,,4032.0,4016.0,300.0,0.391,0.075,0.0,0.0,0.0,0.0,0.0,0.0,,,,,,,,,669.0,,,,,,,,,,,,,,,,0.0,,1.0,,,,,,,,,,,,,,,,,,,,,,,,,,,,0.074,0.0,,,,,0.0,25.0,,,,,,,,,,,media/F3D0A9CA-EA85-47AD-884C-47318A4FEA75.jpg
15373142435,"7 ago 2025, 5:17:51","Bicicleta por la ma√±ana, paseito por la albufera. Recovering legs.",Bicicleta,"",6689,"51,60",131.0,42,false,,,activities/16417400190.fit.gz,,9.0,6689.0,6258.0,51600.4,13.61,8.246,75.5,74.4,0.6,13.1,6.6,0.0,,,,,131.0,109.0,,145.0,779.0,,,42.0,,,,,,,,,,,,,0.0,,1.0,,1754542848.0,1.0,23.0,23.1,19.7,0.82,1016.8,1.9,2.9,296.0,0.0,1754543232.0,1754593664.0,0.375,,,0.0,1.0,0.06,31682.0,0.0,,,,,,7.714,62.9,,,,,0.0,,,,,,,,,,,,media/E9AF8DDE-BB72-4171-9E52-A6C419C55E35.jpg
15384115060,"8 ago 2025, 4:41:39",Nataci√≥n de ma√±ana / fantastic con Borja S y Luis. ü™ºü™ºü™º,Nataci√≥n,"",3867,2.982,,,false,,,activities/16429090281.fit.gz,,,3867.0,3861.0,2981.6,3.003,0.772,0.0,0.0,0.0,0.1,0.1,0.0,,,,,,,,,562.0,,,,,,,,,,,,,,,,0.0,,1.0,,1754625536.0,1.0,23.5,23.8,20.6,0.84,1017.7,1.8,2.5,306.0,0.0,1754629632.0,1754679936.0,0.375,,,0.0,1.0,0.07,26517.0,0.0,,,,,,0.771,0.0,,,,,0.0,0.0,,,,,,,,,,,media/902513F8-9740-4EAA-A1F8-139D27C34F41.jpg|media/C4EB97C5-E887-45D3-B8C9-BAEF78F58384.jpg
15395648903,"9 ago 2025, 5:09:54",Bicicleta por la ma√±ana con TRICNP,Bicicleta,"",11653,"68,17",165.0,111,false,,,activities/16441447767.fit.gz,,9.0,11653.0,8774.0,68174.2,15.866,7.77,413.9,417.9,6.4,264.9,34.3,0.0,,,,,165.0,116.0,,128.0,1223.0,,,111.0,,,,,,,,,,,,,0.0,,1.0,,1754715648.0,2.0,23.0,23.8,19.7,0.82,1018.3,1.5,2.3,281.0,0.0,1754716160.0,1754766336.0,0.5,,,0.0,1.0,0.56,28233.0,0.0,,,,,0.0,5.85,19.9,,,,,0.0,,,,,,,,,,,,media/47E5188F-BAD8-4ED0-BC59-3A6C7C85393D.jpg|media/ADF653C5-7958-43D4-A5CD-86DA4E90E2E4.jpg
15406700570,"10 ago 2025, 5:20:02",Nataci√≥n de ma√±ana 4.600,Nataci√≥n,"",6939,3.274,,,false,,,activities/16453272915.fit.gz,,,6939.0,6930.0,3273.9,2.795,0.472,0.0,0.0,0.0,0.0,0.0,0.0,,,,,,,,,608.0,,,,,,,,,,,,,,,,0.0,,1.0,,1754802048.0,1.0,22.1,22.0,17.7,0.76,1019.7,1.5,2.7,306.0,0.0,1754802560.0,1754852608.0,0.625,,,0.0,1.0,0.01,29122.0,0.0,,,,,,0.472,0.0,,,,,0.0,0.0,,,,,,,,,,,media/28126527-22FF-4C76-BEE5-C104B5B9DE7C.jpg
15417322427,"11 ago 2025, 4:34:57",Nataci√≥n de ma√±ana/ Mar tranquilo con pocas medusas y una manta raya / agua trasparente.,Nataci√≥n,"",4047,3.641,,,false,,,activities/16464660361.fit.gz,,,4047.0,4041.0,3641.1,1.595,0.901,0.0,0.0,0.0,0.0,0.0,0.0,,,,,,,,,631.0,,,,,,,,,,,,,,,,0.0,,1.0,,1754884864.0,1.0,26.8,26.3,17.6,0.57,1016.3,2.3,4.1,248.0,0.0,1754888960.0,1754938880.0,0.625,,,0.0,1.0,0.01,30811.0,0.0,,,,,,0.9,0.0,,,,,0.0,0.0,,,,,,,,,,,media/57D2352D-3F21-4DE3-8490-D8785CF9DDC9.jpg
15428935591,"12 ago 2025, 4:58:57",Todo suma/ entreno y work.,Bicicleta,"",5034,"25,51",,,false,,,activities/15428935591.gpx,,9.0,5034.0,3689.0,25515.6,11.72,6.917,90.1,77.0,1.4,22.8,39.6,0.0,,,,,,,,115.0,474.0,,,,,,,,,,,,,,,,0.0,,1.0,,1754971136.0,1.0,25.7,26.5,20.5,0.73,1014.5,1.3,2.0,333.0,0.0,1754975488.0,1755025280.0,0.625,,,0.0,1.0,0.31,30418.0,0.0,,,,,,5.069,132.4,,,,,0.0,,,,,,,,,,,,media/ABF18FBE-11F7-49D5-A187-DD6289C03D54.jpg
15441214061,"13 ago 2025, 4:44:20",Nataci√≥n de ma√±ana Slalom de medusa ü™ºü™ºü™ºü™ºü™ºü™ºü™ºü™ºü™ºü™ºü™ºcon picaduras incluidas. üò©üò§,Nataci√≥n,"",4134,3.443,,,false,,,activities/16490145600.fit.gz,,,4134.0,4122.0,3442.5,3.199,0.835,0.0,0.0,0.0,0.0,0.0,0.0,,,,,,,,,570.0,,,,,,,,,,,,,,,,0.0,,1.0,,1755057664.0,2.0,24.7,25.9,21.0,0.8,1014.5,1.0,1.6,290.0,0.0,1755061888.0,1755111552.0,0.625,,,0.0,1.0,0.48,27307.0,0.0,,,,,,0.833,0.0,,,,,0.0,0.0,,,,,,,,,,,""
15452282668,"14 ago 2025, 4:24:27",Cumplimossssssüëäüèªü¶µüèª,Bicicleta,"",4194,"31,04",,,false,,,activities/15452282668.gpx,,9.0,4194.0,3812.0,31044.1,13.613,8.144,78.3,75.6,0.6,13.1,7.4,0.0,,,,,,,,147.0,625.0,,,,,,,,,,,,,,,,0.0,,1.0,,1755143936.0,1.0,23.8,24.2,19.7,0.78,1015.5,1.2,1.7,275.0,0.0,1755148416.0,1755197952.0,0.625,,,0.0,1.0,0.0,26923.0,0.0,,,,,,7.402,20.1,,,,,0.0,,,,,,,,,,,,media/CDAC999A-249D-44AE-8C2C-0E8AC845FA4D.jpg
15474539722,"16 ago 2025, 5:35:41",La vuelta del bago. ü§´ü§´,Bicicleta,"",6055,"51,47",,,false,,,activities/15474539722.gpx,,9.0,6055.0,6055.0,51475.9,12.78,8.501,80.5,80.0,0.6,13.1,7.1,0.0,,,,,,,,154.0,1042.0,,,,,,,,,,,,,,,,0.0,,1.0,,1755320448.0,1.0,22.6,21.6,13.1,0.55,1017.0,2.1,3.3,267.0,0.0,1755321344.0,1755370496.0,0.75,,,0.0,1.0,0.02,34294.0,0.0,,,,,,8.501,0.0,,,,,0.0,,,,,,,,,,,,media/931EB67A-9E5D-4A49-B40C-ECF873FF56CF.jpg
15486071747,"17 ago 2025, 6:50:07",Buena compa√±√≠aaaaaaa.,Nataci√≥n,"",4213,3.268,,,false,,,activities/16538182956.fit.gz,,,4213.0,4207.0,3268.3,2.365,0.777,2.1,0.0,0.0,2.6,2.1,0.0,,,,,,,,,548.0,,,,,,,,,,,,,,,,0.0,,1.0,,1755410432.0,1.0,26.2,26.6,16.1,0.54,1014.1,2.5,3.9,330.0,0.0,1755407744.0,1755456896.0,0.875,,,0.0,1.0,0.0,31328.0,0.0,,,,,,0.776,0.0,,,,,0.0,0.0,,,,,,,,,,,media/F72464CB-D944-49B0-A50A-719840DF1451.jpg|media/302EAA0A-ABC1-48F4-A81B-EB38FAD25B8C.jpg
15496900715,"18 ago 2025, 4:43:26",Con Lidia y Luis. Solo me pic√≥ una. ü§´,Nataci√≥n,"",4206,3.117,,,false,,,activities/16549763542.fit.gz,,,4206.0,4199.0,3116.9,2.714,0.742,0.0,0.0,0.0,0.0,0.0,0.0,,,,,,,,,549.0,,,,,,,,,,,,,,,,0.0,,1.0,,1755489536.0,1.0,28.0,27.5,15.3,0.46,1010.8,2.3,3.8,302.0,0.0,1755494272.0,1755543168.0,0.875,,,0.53,5.0,0.24,31440.0,0.0,,,,,,0.741,0.0,,,,,0.0,0.0,,,,,,,,,,,media/280EA247-D15E-472B-8D9E-E9BBC526EC88.jpg|media/9BDB8926-C161-4FB8-86EE-3429B6E7AD32.jpg
15532436613,"21 ago 2025, 4:30:31",Albufera bike.,Bicicleta,"",5203,"43,23",,,false,,,activities/15532436613.gpx,,9.0,5203.0,5133.0,43231.6,15.48,8.422,81.3,80.2,0.6,13.6,9.7,0.0,,,,,,,,156.0,892.0,,,,,,,,,,,,,,,,0.0,,1.0,,1755748864.0,1.0,21.9,22.3,19.1,0.84,1010.8,1.4,2.5,293.0,0.0,1755753600.0,1755802112.0,0.875,,,0.41,5.0,0.11,30120.0,0.0,,,,,,8.309,41.1,,,,,0.0,,,,,,,,,,,,media/36053747-0D71-4C28-A6AD-46FB50BEEB85.jpg
15555345155,"23 ago 2025, 5:16:42",10k con buena gente.el reloj una patata.,Nataci√≥n,"",14751,3.111,,,false,,,activities/16613349380.fit.gz,,,14751.0,14744.0,3110.8,2.376,0.211,0.0,0.0,-0.2,0.0,0.2,0.0,,,,,,,,,515.0,,,,,,,,,,,,,,,,0.0,,1.0,,1755925248.0,1.0,22.1,22.3,19.3,0.84,1015.8,1.8,2.8,339.0,0.0,1755926400.0,1755974784.0,0.0,,,0.0,1.0,0.13,26686.0,0.0,,,,,,0.211,0.0,,,,,0.0,0.0,,,,,,0.0,,,,,media/CBD083D8-B1DF-4A99-AB86-072F5ADB20E2.jpg|media/2FEA05F7-EEA5-4F1E-B539-2C2EA00A63E4.jpg
15635196502,"30 ago 2025, 5:38:32",Con TRICMP.,Bicicleta,"",16840,"69,58",,,false,,,activities/15635196502.gpx,,9.0,16840.0,10916.0,69583.9,13.36,6.374,304.6,304.7,7.1,217.9,14.2,0.0,,,,,,,,104.0,1267.0,,,,,,,,,,,,,,,,0.0,,1.0,,1756530048.0,1.0,20.0,18.7,11.3,0.57,1013.2,2.1,3.5,287.0,0.0,1756531712.0,1756578944.0,0.125,,,0.0,1.0,0.0,33332.0,0.0,,,,,,4.132,4203.8,,,,,0.0,,,,,,,,,,,,media/2CA8EB93-EE10-472D-873A-BD515FAF2876.jpg|media/89A2A1BB-A436-498E-A9C0-E11092B139F6.jpg|media/62658516-197C-43FB-9318-D5653AA17EC3.jpg|media/C5FC003F-99A7-4C74-9B0E-B21B70CEF187.jpg|media/731E5E1E-FB60-43A2-B5A3-7E3081866AB7.jpg
15646076930,"31 ago 2025, 6:51:40",Nataci√≥n de ma√±ana,Nataci√≥n,,5672,541,,,false,,,activities/16711482131.fit.gz,,,5672.0,5664.0,540.6,2.297,0.095,0.0,0.0,0.0,0.0,0.0,0.0,,,,,,,,,546.0,,,,,,,,,,,,,,,,0.0,,1.0,,1756620032.0,1.0,22.4,23.1,18.0,0.76,1012.0,1.7,2.8,320.0,0.0,1756618112.0,1756665216.0,0.25,,,0.0,1.0,0.11,29555.0,0.0,,,,,,0.095,0.0,,,,,0.0,0.0,,,,,,,,,,,""
15655771805,"1 sept 2025, 5:12:47",Vuelta a la rutina. 1x4.,Nataci√≥n,"",3059,2.650,,,false,,,activities/16722149928.fit.gz,,,3059.0,3043.0,2650.0,2.063,0.871,0.0,0.0,0.0,0.0,0.0,0.0,,,,,,,,,355.0,,,,,,,,,,,,,,,,0.0,,1.0,,,,,,,,,,,,,,,,,,,,,,,,,,,,0.866,0.0,,,,,0.0,25.0,,,,,,0.0,,,,,media/A3D04BE4-2498-4F3A-AD2A-F42A07C344E5.jpg
15667086444,"2 sept 2025, 5:14:59",Nataci√≥n de ma√±ana,Nataci√≥n,"",3316,2.900,,,false,,,activities/16734535519.fit.gz,,,3316.0,3284.0,2900.0,1.127,0.883,0.0,0.0,0.0,0.0,0.0,0.0,,,,,,,,,395.0,,,,,,,,,,,,,,,,0.0,,1.0,,,,,,,,,,,,,,,,,,,,,,,,,,,,0.875,0.0,,,,,0.0,25.0,,,,,,0.0,,,,,""
15673144676,"2 sept 2025, 16:40:17",Primera carrerita. 2/1.,Carrera,"",1632,"3,54",,,false,,,activities/15673144676.gpx,,,1632.0,1083.0,3542.3,5.56,3.271,3.5,3.5,7.9,11.6,5.2,0.0,,,,,,,,,340.0,,,,,,,,,,,,,,,,0.0,,1.0,3547.2,,,,,,,,,,,,,,,,,,,,,,,,,,,2.171,3542.3,,,,2694.0,0.0,,,,3.275,,,,,,,,media/92C6516A-EF3E-45FD-BA2E-AD1EC6F01258.jpg|media/BCEC03B5-9734-4289-8F0C-7C005DED00B6.jpg
15679106274,"3 sept 2025, 5:16:06",Nataci√≥n de ma√±ana,Nataci√≥n,,2172,1.900,,,false,,,activities/16748032330.fit.gz,,,2172.0,2138.0,1900.0,2.47,0.889,0.0,0.0,0.0,0.0,0.0,0.0,,,,,,,,,252.0,,,,,,,,,,,,,,,,0.0,,1.0,,,,,,,,,,,,,,,,,,,,,,,,,,,,0.875,0.0,,,,,0.0,25.0,,,,,,,,,,,""
15679225890,"3 sept 2025, 5:53:49",Nataci√≥n de ma√±ana,Nataci√≥n,,972,850,,,false,,,activities/16748169566.fit.gz,,,972.0,956.0,850.0,0.943,0.889,0.0,0.0,0.0,0.0,0.0,0.0,,,,,,,,,111.0,,,,,,,,,,,,,,,,0.0,,1.0,,,,,,,,,,,,,,,,,,,,,,,,,,,,0.874,0.0,,,,,0.0,25.0,,,,,,,,,,,""
15690965143,"4 sept 2025, 5:12:51",Nataci√≥n de ma√±ana/ 1x4/,Nataci√≥n,"",3060,2.800,,,false,,,activities/16760954466.fit.gz,,,3060.0,3045.0,2800.0,2.362,0.92,0.0,0.0,0.0,0.0,0.0,0.0,,,,,,,,,357.0,,,,,,,,,,,,,,,,0.0,,1.0,,,,,,,,,,,,,,,,,,,,,,,,,,,,0.915,0.0,,,,,0.0,25.0,,,,,,0.0,,,,,""
15702279180,"5 sept 2025, 5:13:52",Nataci√≥n de ma√±ana. 1/4.,Nataci√≥n,"",3269,3.000,,,false,,,activities/16773119178.fit.gz,,,3269.0,3228.0,3000.0,2.139,0.929,0.0,0.0,0.0,0.0,0.0,0.0,,,,,,,,,384.0,,,,,,,,,,,,,,,,0.0,,1.0,,,,,,,,,,,,,,,,,,,,,,,,,,,,0.918,0.0,,,,,0.0,25.0,,,,,,0.0,,,,,media/970F13DA-ED3E-4CDE-98BF-931DD6DBEC0B.jpg
15713253277,"6 sept 2025, 5:52:32",Nataci√≥n con Borja. 5500. Que desastre de reloj. üòî,Nataci√≥n,"",7334,3.078,,,false,,,activities/16784805467.fit.gz,,,7334.0,7327.0,3077.6,2.888,0.42,0.0,0.0,-0.2,0.1,0.1,0.0,,,,,,,,,505.0,,,,,,,,,,,,,,,,0.0,,1.0,,,,,,,,,,,,,,,,,,,,,,,,,,,,0.42,0.0,,,,,0.0,0.0,,,,,,0.0,,,,,media/36080CBC-CE07-422F-9BF4-273765A8FEAA.jpg|media/7A0B1D1A-4563-4992-ACF8-9B6D0B609FD5.jpg
15727704643,"7 sept 2025, 5:44:24",Con los TRICNP.,Bicicleta,"",20222,"78,13",,,false,,,activities/15727704643.gpx,,9.0,20222.0,11277.0,78133.7,14.06,6.929,828.7,519.5,7.4,706.3,9.7,0.0,,,,,,,,151.0,1898.0,,,,,,,,,,,,,,,,0.0,,1.0,,,,,,,,,,,,,,,,,,,,,,,,,,,,3.864,36.1,,,,,0.0,,,,,,,0.0,,,,,media/82AD182E-489D-4423-8658-20924CAA6C9B.jpg|media/CC1BA78A-6E48-403E-85E2-4DEB6FAAC4EA.jpg
15736502068,"8 sept 2025, 5:12:27",Nataci√≥n de ma√±ana,Nataci√≥n,,3398,3.000,,,false,,,activities/16809449343.fit.gz,,,3398.0,3374.0,3000.0,2.48,0.889,0.0,0.0,0.0,0.0,0.0,0.0,,,,,,,,,393.0,,,,,,,,,,,,,,,,0.0,,1.0,,,,,,,,,,,,,,,,,,,,,,,,,,,,0.883,0.0,,,,,0.0,25.0,,,,,,,,,,,""
15741869518,"8 sept 2025, 16:25:03",Carrerita con DV ( la gacela negra ),Carrera,"",1322,"3,96",165.0,84,false,,,activities/16815143313.fit.gz,,,1322.0,1252.0,3964.6,4.66,3.167,3.4,3.3,7.9,11.3,2.9,0.0,,,,,165.0,156.0,,,257.0,,,84.0,,,,,,,,,,,,,0.0,,1.0,3970.6,,,,,,,,,,,,,,,,,,,,,,,,,,,2.999,3718.6,,,,,0.0,,,,3.171,,,0.0,,,,,media/6A9D5933-E2A2-4698-9A87-56657D772A40.jpg
15748047007,"9 sept 2025, 5:13:06",Nataci√≥n de ma√±ana,Nataci√≥n,,3394,3.000,,,false,,,activities/16821656723.fit.gz,,,3394.0,3311.0,3000.0,2.122,0.906,0.0,0.0,0.0,0.0,0.0,0.0,,,,,,,,,383.0,,,,,,,,,,,,,,,,0.0,,1.0,,,,,,,,,,,,,,,,,,,,,,,,,,,,0.884,0.0,,,,,0.0,25.0,,,,,,,,,,,""
15760357632,"10 sept 2025, 5:14:15",Nataci√≥n de ma√±ana,Nataci√≥n,,3254,3.000,,,false,,,activities/16834628796.fit.gz,,,3254.0,3158.0,3000.0,2.46,0.95,0.0,0.0,0.0,0.0,0.0,0.0,,,,,,,,,393.0,,,,,,,,,,,,,,,,0.0,,1.0,,,,,,,,,,,,,,,,,,,,,,,,,,,,0.922,0.0,,,,,0.0,25.0,,,,,,,,,,,""
15771662392,"11 sept 2025, 5:11:52",Nataci√≥n de ma√±ana/ BASE,Nataci√≥n,"",3249,3.000,,,false,,,activities/16846556931.fit.gz,,,3249.0,3227.0,3000.0,2.255,0.93,0.0,0.0,0.0,0.0,0.0,0.0,,,,,,,,,395.0,,,,,,,,,,,,,,,,0.0,,1.0,,,,,,,,,,,,,,,,,,,,,,,,,,,,0.923,0.0,,,,,0.0,25.0,,,,,,0.0,,,,,""
15777101008,"11 sept 2025, 16:30:18",Carrera a pie 4.200m.,Bicicleta,"",1222,"4,20",,,false,,,activities/15777101008.gpx,,9.0,1222.0,1138.0,4201.7,6.74,3.692,3.3,3.3,7.9,11.3,3.3,0.0,,,,,,,,52.0,66.0,,,,,,,,,,,,,,,,0.0,,1.0,,,,,,,,,,,,,,,,,,,,,,,,,,,,3.438,4170.9,,,,,0.0,,,,,,,0.0,,,,,media/34074547-BA4D-4CDE-B7F4-171DF9090489.jpg
15805509241,"14 sept 2025, 7:05:06",Despu√©s de 10k swimming üèäüèª‚Äç‚ôÄÔ∏è de ayer. Un paseo por la albufera.,Bicicleta,"",6204,"51,63",,,false,,,activities/15805509241.gpx,,9.0,6204.0,6187.0,51631.8,13.32,8.345,80.5,79.3,-4.1,13.0,6.8,0.0,,,,,,,,148.0,1020.0,,,,,,,,,,,,,,,,0.0,,1.0,,,,,,,,,,,,,,,,,,,,,,,,,,,,8.322,32.9,,,,,0.0,,,,,,,,,,,,media/968A14AE-A731-42B0-88D5-17C32147EF6A.mp4|media/AA62F41B-CDF9-4FC2-8370-A841F051B006.jpg
15815990136,"15 sept 2025, 5:10:44",Nataci√≥n de ma√±ana. A soltar los 10k del s√°bado.,Nataci√≥n,"",3382,3.025,,,false,,,activities/16893316221.fit.gz,,,3382.0,3360.0,3025.0,3.28,0.9,0.0,0.0,0.0,0.0,0.0,0.0,,,,,,,,,398.0,,,,,,,,,,,,,,,,0.0,,1.0,,,,,,,,,,,,,,,,,,,,,,,,,,,,0.894,0.0,,,,,0.0,25.0,,,,,,0.0,,,,,""
15821073330,"15 sept 2025, 16:21:16",Con el gran. DV.,Carrera,"",1320,"4,37",,,false,,,activities/15821073330.gpx,,,1320.0,1197.0,4371.0,6.92,3.652,4.4,3.3,6.8,11.2,3.3,0.0,,,,,,,,,419.0,,,,,,,,,,,,,,,,0.0,,1.0,4377.0,,,,,,,,,,,,,,,,,,,,,,,,,,,3.311,4280.6,,,,3202.0,0.0,,,,3.657,,,,,,,,media/73ACDEB3-F390-467B-946A-1517E99D520D.jpg
15827166474,"16 sept 2025, 5:11:59",Nataci√≥n de ma√±ana,Nataci√≥n,,3371,3.000,,,false,,,activities/16904873805.fit.gz,,,3371.0,3299.0,3000.0,2.214,0.909,0.0,0.0,0.0,0.0,0.0,0.0,,,,,,,,,394.0,,,,,,,,,,,,,,,,0.0,,1.0,,,,,,,,,,,,,,,,,,,,,,,,,,,,0.89,0.0,,,,,0.0,25.0,,,,,,,,,,,""
15839079842,"17 sept 2025, 5:11:07",T√©cnica de respiraci√≥n /1-4/1-3/1-2.,Nataci√≥n,"",3393,3.000,,,false,,,activities/16917101360.fit.gz,,,3393.0,3274.0,3000.0,2.218,0.916,0.0,0.0,0.0,0.0,0.0,0.0,,,,,,,,,391.0,,,,,,,,,,,,,,,,0.0,,1.0,,,,,,,,,,,,,,,,,,,,,,,,,,,,0.884,0.0,,,,,0.0,25.0,,,,,,0.0,,,,,media/37EEF991-47F2-4981-8278-8D4353AD5CA1.jpg
15850448764,"18 sept 2025, 5:11:03",Nataci√≥n de ma√±ana,Nataci√≥n,,3351,3.000,,,false,,,activities/16928750866.fit.gz,,,3351.0,3298.0,3000.0,2.139,0.91,0.0,0.0,0.0,0.0,0.0,0.0,,,,,,,,,390.0,,,,,,,,,,,,,,,,0.0,,1.0,,,,,,,,,,,,,,,,,,,,,,,,,,,,0.895,0.0,,,,,0.0,25.0,,,,,,,,,,,""
15855804026,"18 sept 2025, 16:17:49","Gracias DV/ 

El d√≠a de los 4 cuatros cumplido.
4 entrenamientos de 4 km.
Hoy, el √∫ltimo kil√≥metro por debajo de 4.
Los n√∫meros hablan, pero la fe y las piernas gritan m√°s fuerte.
Nada es casualidad.üèÉüèªüî±üí®",Carrera,"",1355,"4,07",,,false,,,activities/15855804026.gpx,,,1355.0,1087.0,4074.9,8.66,3.749,3.1,3.1,7.8,11.0,6.7,0.0,,,,,,,,,391.0,,,,,,,,,,,,,,,,0.0,,1.0,4079.0,,,,,,,,,,,,,,,,,,,,,,,,,,,3.007,4074.9,,,,2898.0,0.0,,,,3.753,,,0.0,,,,,media/20BBE12B-F0AE-49A0-A3D0-7B38AD66705A.jpg
15874056468,"20 sept 2025, 5:08:21","Est√° va por tiiii/ jefe. 24 a√±os de ausencia.
Tiempo 4h. Con tres paradas. 3-6-9.",Nataci√≥n,"",15036,13.170,,,false,,,activities/15874056468.gpx,,,15036.0,9207.0,13169.5,4.88,1.43,0.0,0.0,0.0,0.1,1.3,0.0,,,,,,,,,,,,,,,,,,,,,,,,,0.0,,1.0,,,,,,,,,,,,,,,,,,,,,,,,,,,,0.876,0.0,,,,,0.0,,,,,,,0.0,,,,,media/20E83506-14A7-4E41-9528-ABF97E2EAF54.jpg
15884134953,"21 sept 2025, 6:22:04",Albufera bike.,Bicicleta,"",6160,"51,29",,,false,,,activities/15884134953.gpx,,9.0,6160.0,5821.0,51290.1,14.54,8.811,75.8,74.8,0.4,13.0,6.8,0.0,,,,,,,,169.0,1096.0,,,,,,,,,,,,,,,,0.0,,1.0,,,,,,,,,,,,,,,,,,,,,,,,,,,,8.326,38.2,,,,,0.0,,,,,,,,,,,,media/9ADBDD82-BE20-49C8-9B5E-85F7D94076A3.jpg
15895145361,"22 sept 2025, 5:42:45",Se trata de asimilar.,Nataci√≥n,"",1708,1.500,,,false,,,activities/16974703015.fit.gz,,,1708.0,1685.0,1500.0,1.111,0.89,0.0,0.0,0.0,0.0,0.0,0.0,,,,,,,,,202.0,,,,,,,,,,,,,,,,0.0,,1.0,,,,,,,,,,,,,,,,,,,,,,,,,,,,0.878,0.0,,,,,0.0,25.0,,,,,,0.0,,,,,""
15900254182,"22 sept 2025, 16:18:52",Se trata de no fallar.,Nataci√≥n,"",1325,4.214,,,false,,,activities/15900254182.gpx,,,1325.0,1300.0,4214.3,8.22,3.242,3.3,3.3,7.8,11.2,4.2,0.0,,,,,,,,,,,,,,,,,,,,,,,,,0.0,,1.0,,,,,,,,,,,,,,,,,,,,,,,,,,,,3.181,4214.3,,,,,0.0,,,,,,,,,,,,media/07805F20-00C2-49B6-88BA-ED7B730F7CE8.jpg
15906038087,"23 sept 2025, 5:10:40",Nataci√≥n de ma√±ana/brazos de madera ü™µ.,Nataci√≥n,"",3353,3.000,,,false,,,activities/16985848262.fit.gz,,,3353.0,3314.0,3000.0,2.236,0.905,0.0,0.0,0.0,0.0,0.0,0.0,,,,,,,,,397.0,,,,,,,,,,,,,,,,0.0,,1.0,,,,,,,,,,,,,,,,,,,,,,,,,,,,0.895,0.0,,,,,0.0,25.0,,,,,,0.0,,,,,""
15917753886,"24 sept 2025, 5:10:47",Nataci√≥n de ma√±ana/!coguiendo sensaciones.,Nataci√≥n,"",3401,3.025,,,false,,,activities/16997825902.fit.gz,,,3401.0,3327.0,3025.0,1.144,0.909,0.0,0.0,0.0,0.0,0.0,0.0,,,,,,,,,396.0,,,,,,,,,,,,,,,,0.0,,1.0,,,,,,,,,,,,,,,,,,,,,,,,,,,,0.889,0.0,,,,,0.0,25.0,,,,,,0.0,,,,,""
15928794345,"25 sept 2025, 5:09:08",Nataci√≥n de ma√±ana/ se trata de no parar. üèä‚Äç‚ôÇÔ∏èüè¥‚Äç‚ò†Ô∏è,Nataci√≥n,"",3324,3.050,,,false,,,activities/17009157149.fit.gz,,,3324.0,3279.0,3050.0,2.05,0.93,0.0,0.0,0.0,0.0,0.0,0.0,,,,,,,,,386.0,,,,,,,,,,,,,,,,0.0,,1.0,,,,,,,,,,,,,,,,,,,,,,,,,,,,0.918,0.0,,,,,0.0,25.0,,,,,,0.0,,,,,""
15934059576,"25 sept 2025, 16:38:20",Hoy sin DVü•π,Carrera,"",1113,"4,14",,,false,,,activities/15934059576.gpx,,,1113.0,1078.0,4147.0,8.22,3.847,3.1,3.1,7.8,11.0,2.9,0.0,,,,,,,,,398.0,,,,,,,,,,,,,,,,0.0,,1.0,4150.9,,,,,,,,,,,,,,,,,,,,,,,,,,,3.726,4147.0,,,,2954.0,0.0,,,,3.851,,,,,,,,media/8E272C02-5438-49F8-8F32-8C6CAC23BEC5.jpg
15953225987,"27 sept 2025, 5:09:44",Ah√≠ voy Romeo.,Nataci√≥n,"",19494,15.566,,,false,,,activities/15953225987.gpx,,,19494.0,9839.0,15565.6,2.44,1.582,0.0,0.0,-0.7,0.6,12.9,0.0,,,,,,,,,,,,,,,,,,,,,,,,,0.0,,1.0,,,,,,,,,,,,,,,,,,,,,,,,,,,,0.798,0.0,,,,,0.0,,,,,,,,,,,,media/DD41A02B-80AE-4C26-BCBD-D21766F2B43F.jpg
15961075663,"28 sept 2025, 7:00:34",Salir hay que salir.,Bicicleta,"",5021,"46,79",,,false,,,activities/15961075663.gpx,,9.0,5021.0,4965.0,46798.0,16.1,9.426,59.8,59.9,0.4,13.0,6.9,0.0,,,,,,,,194.0,1074.0,,,,,,,,,,,,,,,,0.0,,1.0,,,,,,,,,,,,,,,,,,,,,,,,,,,,9.32,0.0,,,,,0.0,,,,,,,,,,,,media/4C20B963-8A5F-4705-937E-613D0D03CE82.jpg
15988366615,"30 sept 2025, 15:50:12",Sin DV.,Carrera,"",1522,"4,42",,,false,,,activities/15988366615.gpx,,,1522.0,1483.0,4419.0,6.6,2.98,3.4,3.3,7.8,11.2,3.4,0.0,,,,,,,,,424.0,,,,,,,,,,,,,,,,0.0,,1.0,4423.9,,,,,,,,,,,,,,,,,,,,,,,,,,,2.903,4312.3,,,,3946.0,0.0,,,,2.983,,,,,,,,media/00B0CF95-4C11-401E-83F3-530EC4E06F77.jpg
15994989016,"1 oct 2025, 5:09:45",Nataci√≥n de ma√±ana,Nataci√≥n,,3317,3.000,,,false,,,activities/17076661126.fit.gz,,,3317.0,3270.0,3000.0,2.236,0.917,0.0,0.0,0.0,0.0,0.0,0.0,,,,,,,,,370.0,,,,,,,,,,,,,,,,0.0,,1.0,,,,,,,,,,,,,,,,,,,,,,,,,,,,0.904,0.0,,,,,0.0,25.0,,,,,,,,,,,""
16006219220,"2 oct 2025, 5:09:20",Nataci√≥n de ma√±ana,Nataci√≥n,,3356,3.000,,,false,,,activities/17088032901.fit.gz,,,3356.0,3337.0,3000.0,2.48,0.899,0.0,0.0,0.0,0.0,0.0,0.0,,,,,,,,,377.0,,,,,,,,,,,,,,,,0.0,,1.0,,,,,,,,,,,,,,,,,,,,,,,,,,,,0.894,0.0,,,,,0.0,25.0,,,,,,,,,,,""
16011446707,"2 oct 2025, 16:14:38",Carrera de noche,Carrera,"",1312,"4,28",,,false,,,activities/16011446707.gpx,,,1312.0,1168.0,4287.4,7.06,3.671,3.4,3.3,7.8,11.2,3.3,0.0,,,,,,,,,411.0,,,,,,,,,,,,,,,,0.0,,1.0,4292.5,,,,,,,,,,,,,,,,,,,,,,,,,,,3.268,4078.0,,,,3180.0,0.0,,,,3.675,,,,,,,,media/040409D1-11CE-40F2-BED8-126315C33013.jpg
16037965811,"5 oct 2025, 6:16:31",Nataci√≥n de ma√±ana,Nataci√≥n,"",4316,3.169,,,false,,,activities/17120237904.fit.gz,,,4316.0,4309.0,3168.6,2.362,0.735,0.0,0.0,0.0,0.0,0.0,0.0,,,,,,,,,540.0,,,,,,,,,,,,,,,,0.0,,1.0,,,,,,,,,,,,,,,,,,,,,,,,,,,,0.734,0.0,,,,,0.0,0.0,,,,,,0.0,,,,,media/8A26BBCC-B4F0-4119-A0BC-22D371199750.jpg
16048636012,"6 oct 2025, 5:10:19",Nataci√≥n de ma√±ana. Un poquito de ritmo ü•Å,Nataci√≥n,"",3208,3.000,,,false,,,activities/17131077176.fit.gz,,,3208.0,3149.0,3000.0,2.218,0.953,0.0,0.0,0.0,0.0,0.0,0.0,,,,,,,,,413.0,,,,,,,,,,,,,,,,0.0,,1.0,,,,,,,,,,,,,,,,,,,,,,,,,,,,0.935,0.0,,,,,0.0,25.0,,,,,,0.0,,,,,""
16053500005,"6 oct 2025, 16:15:24",Con uno de los grandes. Sr DV,Carrera,"",1336,"4,25",,,false,,,activities/16053500005.gpx,,,1336.0,1179.0,4255.5,6.84,3.609,3.3,3.3,7.8,11.2,3.2,0.0,,,,,,,,,408.0,,,,,,,,,,,,,,,,0.0,,1.0,4258.9,,,,,,,,,,,,,,,,,,,,,,,,,,,3.185,4255.5,,,,3158.0,0.0,,,,3.612,,,,,,,,media/62E5F4E5-04E9-4457-8C3E-ACF6B730D6DD.jpg
16059445039,"7 oct 2025, 5:10:04",Nataci√≥n de ma√±ana,Nataci√≥n,,3951,3.000,,,false,,,activities/17141977842.fit.gz,,,3951.0,3447.0,3000.0,1.198,0.87,0.0,0.0,0.0,0.0,0.0,0.0,,,,,,,,,428.0,,,,,,,,,,,,,,,,0.0,,1.0,,,,,,,,,,,,,,,,,,,,,,,,,,,,0.759,0.0,,,,,0.0,25.0,,,,,,,,,,,""
16071162013,"8 oct 2025, 5:08:41",Nataci√≥n de ma√±ana üî±,Nataci√≥n,"",3140,3.000,,,false,,,activities/17153803148.fit.gz,,,3140.0,3118.0,3000.0,2.255,0.962,0.0,0.0,0.0,0.0,0.0,0.0,,,,,,,,,392.0,,,,,,,,,,,,,,,,0.0,,1.0,,,,,,,,,,,,,,,,,,,,,,,,,,,,0.955,0.0,,,,,0.0,25.0,,,,,,0.0,,,,,""
16076377601,"8 oct 2025, 16:06:31",Hoy me acompa√±√≥ mi furia üò§,Carrera,"",1201,"4,21",,,false,,,activities/16076377601.gpx,,,1201.0,1122.0,4214.5,6.18,3.756,3.4,3.3,7.8,11.2,2.9,0.0,,,,,,,,,404.0,,,,,,,,,,,,,,,,0.0,,1.0,4219.1,,,,,,,,,,,,,,,,,,,,,,,,,,,3.509,4134.2,,,,2984.0,0.0,,,,3.76,,,,,,,,media/B7875444-AB18-43AE-A171-80EA241269CE.jpg
16104799471,"11 oct 2025, 6:50:49",No se pudo entrenar en el mar üåä,Nataci√≥n,"",16836,13.250,,,false,,,activities/17187772736.fit.gz,,,16836.0,14613.0,13250.0,2.558,0.907,0.0,0.0,0.0,0.0,0.0,0.0,,,,,,,,,1839.0,,,,,,,,,,,,,,,,0.0,,1.0,,,,,,,,,,,,,,,,,,,,,,,,,,,,0.787,0.0,,,,,0.0,25.0,,,,,,0.0,,,,,media/C3E42C26-F74D-442A-B25A-62D680A347AC.jpg
16123904353,"13 oct 2025, 5:10:14",Hay que asimilar. üí™üèªüí™üèª,Nataci√≥n,"",3651,3.000,,,false,,,activities/17207167913.fit.gz,,,3651.0,3276.0,3000.0,2.139,0.916,0.0,0.0,0.0,0.0,0.0,0.0,,,,,,,,,402.0,,,,,,,,,,,,,,,,0.0,,1.0,,,,,,,,,,,,,,,,,,,,,,,,,,,,0.822,0.0,,,,,0.0,25.0,,,,,,0.0,,,,,""
16128750210,"13 oct 2025, 16:21:37",Porque me has abandonado. DV,Carrera,"",1243,"4,72",,,false,,,activities/16128750210.gpx,,,1243.0,1215.0,4719.8,6.94,3.885,3.8,3.8,7.8,11.8,3.2,0.0,,,,,,,,,453.0,,,,,,,,,,,,,,,,0.0,,1.0,4724.7,,,,,,,,,,,,,,,,,,,,,,,,,,,3.797,4693.2,,,,3398.0,0.0,,,,3.889,,,,,,,,media/B671DDD5-F73A-4F69-AD41-CDBB1CA75D88.jpg
16134271339,"14 oct 2025, 5:08:29",Manteniendo el tipo.,Nataci√≥n,"",3302,3.000,,,false,,,activities/17217629791.fit.gz,,,3302.0,3278.0,3000.0,2.362,0.915,0.0,0.0,0.0,0.0,0.0,0.0,,,,,,,,,388.0,,,,,,,,,,,,,,,,0.0,,1.0,,,,,,,,,,,,,,,,,,,,,,,,,,,,0.909,0.0,,,,,0.0,25.0,,,,,,0.0,,,,,media/106E5E88-AEA8-47CD-9342-97C6C120501F.jpg
16145546030,"15 oct 2025, 5:09:11",A 15 d√≠as estoy. üëäüèªüëäüèª,Nataci√≥n,"",3219,3.000,,,false,,,activities/17228992085.fit.gz,,,3219.0,3190.0,3000.0,2.611,0.94,0.0,0.0,0.0,0.0,0.0,0.0,,,,,,,,,421.0,,,,,,,,,,,,,,,,0.0,,1.0,,,,,,,,,,,,,,,,,,,,,,,,,,,,0.932,0.0,,,,,0.0,25.0,,,,,,0.0,,,,,""
16156413598,"16 oct 2025, 5:11:11",Abra que sumarle 2400. üôà,Nataci√≥n,"",3158,600,,,false,,,activities/17239955539.fit.gz,,,3158.0,609.0,600.0,1.043,0.985,0.0,0.0,0.0,0.0,0.0,0.0,,,,,,,,,83.0,,,,,,,,,,,,,,,,0.0,,1.0,,,,,,,,,,,,,,,,,,,,,,,,,,,,0.19,0.0,,,,,0.0,25.0,,,,,,0.0,,,,,""
16161443716,"16 oct 2025, 16:12:53",Volvi√≥ DV. Y ME ESTIR√ì.,Carrera,"",1240,"3,95",165.0,64,false,,,activities/17245037088.fit.gz,,,1240.0,1063.0,3956.2,5.3,3.722,3.3,3.3,7.8,11.3,3.2,0.0,,,,,165.0,154.0,,,216.0,,,64.0,,,,,,,,,,,,,0.0,,1.0,3962.0,,,,,,,,,,,,,,,,,,,,,,,,,,,3.19,3763.2,,,,,0.0,,,,3.727,,,0.0,,,,,""
16188046128,"19 oct 2025, 7:19:59","Hoy viniera muchos, uno de ellos. Gus‚Äôs el vikingo.",Nataci√≥n,"",3882,3.131,,,false,,,activities/17271936591.fit.gz,,,3882.0,3875.0,3130.9,2.906,0.808,0.0,0.0,0.0,0.0,0.0,0.0,,,,,,,,,527.0,,,,,,,,,,,,,,,,0.0,,1.0,,,,,,,,,,,,,,,,,,,,,,,,,,,,0.807,0.0,,,,,0.0,0.0,,,,,,0.0,,,,,media/6A954CB7-FD58-4BF2-90D5-B5423C417830.jpg|media/9EE9F1D9-59A9-4378-9B6E-C2AFC90A4680.jpg
16197693331,"20 oct 2025, 5:08:20",Nataci√≥n de ma√±ana / ü§ì,Nataci√≥n,"",3207,3.000,,,false,,,activities/17281724818.fit.gz,,,3207.0,3183.0,3000.0,2.611,0.943,0.0,0.0,0.0,0.0,0.0,0.0,,,,,,,,,447.0,,,,,,,,,,,,,,,,0.0,,1.0,,,,,,,,,,,,,,,,,,,,,,,,,,,,0.935,0.0,,,,,0.0,25.0,,,,,,0.0,,,,,media/37EF1169-F235-4F4A-B9DA-79A144C50B06.jpg
16202405267,"20 oct 2025, 16:21:17",Carrera de noche con DV a fuego üî•üî•,Carrera,"",1164,"4,25",165.0,64,false,,,activities/17286435780.tcx.gz,,,1164.0,1045.0,4251.6,6.9,4.069,3.4,3.3,7.8,11.2,3.8,0.0,,,,,165.0,153.0,,,246.0,,,64.0,,,,,,,,,,,,,0.0,,1.0,4256.1,,,,,,,,,,,,,,,,,,,,,,,,,,,3.653,4186.4,,,,,0.0,,,,4.073,,,0.0,,,,,media/CF92D428-BA40-46F1-B326-CFD282400FB7.jpg|media/7889EBEF-B60E-4C5A-874E-5ED9BA4663FF.jpg
16207827907,"21 oct 2025, 5:08:13",Nataci√≥n de ma√±ana/ 50 de regalo üéÅ,Nataci√≥n,"",3207,3.050,,,false,,,activities/17291864102.fit.gz,,,3207.0,3188.0,3050.0,2.46,0.957,0.0,0.0,0.0,0.0,0.0,0.0,,,,,,,,,506.0,,,,,,,,,,,,,,,,0.0,,1.0,,,,,,,,,,,,,,,,,,,,,,,,,,,,0.951,0.0,,,,,0.0,25.0,,,,,,0.0,,,,,""
16218681663,"22 oct 2025, 5:07:44",Nataci√≥n de ma√±ana / un poco de ca√±a.,Nataci√≥n,"",3177,3.025,,,false,,,activities/17302791861.fit.gz,,,3177.0,3082.0,3025.0,1.2,0.982,0.0,0.0,0.0,0.0,0.0,0.0,,,,,,,,,504.0,,,,,,,,,,,,,,,,0.0,,1.0,,,,,,,,,,,,,,,,,,,,,,,,,,,,0.952,0.0,,,,,0.0,25.0,,,,,,0.0,,,,,""
16229152098,"23 oct 2025, 5:06:50",Nataci√≥n de ma√±ana/ tiki taka.,Nataci√≥n,"",3211,3.000,,,false,,,activities/17313325235.fit.gz,,,3211.0,3171.0,3000.0,2.894,0.946,0.0,0.0,0.0,0.0,0.0,0.0,,,,,,,,,443.0,,,,,,,,,,,,,,,,0.0,,1.0,,,,,,,,,,,,,,,,,,,,,,,,,,,,0.934,0.0,,,,,0.0,25.0,,,,,,0.0,,,,,""
16233808318,"23 oct 2025, 16:30:17",Carrera de noche/ DV ME MATA.,Carrera,"",1344,"4,13",171.0,38,false,,,activities/17318016415.tcx.gz,,,1344.0,1080.0,4130.2,9.92,3.824,3.2,3.2,7.8,11.1,12.8,0.0,,,,,171.0,139.0,,,211.0,,,38.0,,,,,,,,,,,,,0.0,,1.0,4133.4,,,,,,,,,,,,,,,,,,,,,,,,,,,3.073,4073.5,,,,,0.0,,,,3.827,,,0.0,,,,,media/D72CFC41-84E6-4D38-A1BF-F38C2A95EAA4.jpg
16268629721,"27 oct 2025, 6:09:41",Nataci√≥n de ma√±ana/ semana de Romeo. üë∂,Nataci√≥n,"",3386,3.000,,,false,,,activities/17353231212.fit.gz,,,3386.0,3362.0,3000.0,2.362,0.892,0.0,0.0,0.0,0.0,0.0,0.0,,,,,,,,,404.0,,,,,,,,,,,,,,,,0.0,,1.0,,,,,,,,,,,,,,,,,,,,,,,,,,,,0.886,0.0,,,,,0.0,25.0,,,,,,0.0,,,,,""
16273356402,"27 oct 2025, 17:17:47",1¬™ Carrera de noche. DV crack.,Carrera,"",1290,"4,24",157.0,37,false,,,activities/17358011371.tcx.gz,,,1290.0,1208.0,4244.6,5.96,3.514,3.3,3.3,7.8,11.2,13.0,0.0,,,,,157.0,135.0,,,217.0,,,37.0,,,,,,,,,,,,,0.0,,1.0,4248.3,,,,,,,,,,,,,,,,,,,,,,,,,,,3.29,4236.1,,,,,0.0,,,,3.517,,,0.0,,,,,media/B792BF02-7403-4669-B160-BE4FBE7CCE54.jpg
16278483272,"28 oct 2025, 6:12:14",Nataci√≥n de ma√±ana. Mucha  gente.,Nataci√≥n,"",2839,2.500,,,false,,,activities/17363167631.fit.gz,,,2839.0,2706.0,2500.0,2.579,0.924,0.0,0.0,0.0,0.0,0.0,0.0,,,,,,,,,335.0,,,,,,,,,,,,,,,,0.0,,1.0,,,,,,,,,,,,,,,,,,,,,,,,,,,,0.881,0.0,,,,,0.0,25.0,,,,,,0.0,,,,,""
16304312523,"30 oct 2025, 17:10:29",Test San silvestre a fuego. üî•üî•üî•üî•üî•ü•µü•µü•µü•µü•µ,Carrera,"",1336,"5,14",177.0,99,false,,,activities/17389200256.tcx.gz,,,1336.0,1251.0,5145.2,9.5,4.113,4.1,4.1,7.8,12.1,3.2,0.0,,,,,177.0,167.0,,,306.0,,,99.0,,,,,,,,,,,,,0.0,,1.0,5149.8,,,,,,,,,,,,,,,,,,,,,,,,,,,3.851,5086.3,,,,,0.0,,,,4.117,,,0.0,,,,,""
16321951327,"1 nov 2025, 6:34:27",Nataci√≥n de tarde/ est√° va por ti Romeo. Que Dios te d√© salud.,Nataci√≥n,"",28085,20.632,,,false,,,activities/16321951327.gpx,,,28085.0,13374.0,20631.7,2.86,1.543,4.0,6.2,-0.7,5.6,7.5,0.0,,,,,,,,,,,,,,,,,,,,,,,,,0.0,,1.0,,,,,,,,,,,,,,,,,,,,,,,,,,,,0.735,6821.3,,,,,0.0,,,,,,,0.0,,,,,media/45CB6512-D36B-43F3-88D9-2C264592F30C.jpg|media/1775A49F-71C3-4A79-B5A0-89CBEEA362C8.jpg
16343610295,"3 nov 2025, 17:23:49",Carrera de noche,Carrera,,1586,"5,51",164.0,81,false,,,activities/17429177828.tcx.gz,,,1586.0,1503.0,5510.9,6.08,3.667,4.7,4.8,7.8,12.7,3.2,0.0,,,,,164.0,148.0,,,300.0,,,81.0,,,,,,,,,,,,,0.0,,1.0,5515.1,,,,,,,,,,,,,,,,,,,,,,,,,,,3.475,5300.9,,,,,0.0,,,,3.669,,,,,,,,""
16364939462,"5 nov 2025, 16:17:01",Carrera con Aisha.,Carrera,"",1519,"4,20",190.0,121,false,,,activities/17450625465.tcx.gz,,,1519.0,1407.0,4202.5,4.26,2.987,3.3,3.3,7.8,11.2,5.0,0.0,,,,,190.0,176.0,,,352.0,,,121.0,,,,,,,,,,,,,0.0,,1.0,4207.6,,,,,,,,,,,,,,,,,,,,,,,,,,,2.767,4204.0,,,,,0.0,,,,2.99,,,0.0,,,,,media/FB14A167-489B-4E05-82D0-A90B0E1B2D07.jpg
16375998024,"6 nov 2025, 17:21:44",Carrera de noche como abu üë¥. ü§≠ü§≠,Carrera,"",1479,"5,14",167.0,75,false,,,activities/17461739617.tcx.gz,,,1479.0,1293.0,5142.8,6.9,3.977,4.5,4.4,7.8,12.4,2.9,0.0,,,,,167.0,152.0,,,264.0,,,75.0,,,,,,,,,,,,,0.0,,1.0,5148.0,,,,,,,,,,,,,,,,,,,,,,,,,,,3.477,5139.0,,,,,0.0,,,,3.981,,,0.0,,,,,""
16402556825,"9 nov 2025, 6:13:05",Bicicleta por la ma√±ana. Celebrando el cumple de ANA.,Bicicleta,"",16857,"81,02",185.0,114,false,,,activities/17488559242.tcx.gz,,9.0,16857.0,13338.0,81026.3,17.08,6.075,757.9,760.8,-1.5,574.4,10.8,0.0,,,,,185.0,108.0,,122.0,1397.0,,,114.0,,,,,,,,,,,,,0.0,,1.0,,,,,,,,,,,,,,,,,,,,,,,,,,,,4.807,1033.2,,,,,0.0,,,,,,,0.0,,,,,media/85464609-97A4-4523-9CE3-E6272EF3E9CA.jpg
16415778577,"10 nov 2025, 16:51:38",Carrera de tarde con Aisha.,Carrera,"",1423,"5,32",165.0,70,false,,,activities/17501909385.tcx.gz,,,1423.0,1296.0,5320.5,6.8,4.105,4.6,4.6,7.8,12.5,2.7,0.0,,,,,165.0,148.0,,,243.0,,,70.0,,,,,,,,,,,,,0.0,,1.0,5323.8,,,,,,,,,,,,,,,,,,,,,,,,,,,3.739,5224.7,,,,,0.0,,,,4.108,,,0.0,,,,,media/0F238E07-4AC0-4124-9E54-1CBDA9E0DD83.jpg
16421114206,"11 nov 2025, 6:10:50",Nataci√≥n de ma√±ana de vuelta.,Nataci√≥n,"",2953,2.750,,,false,,,activities/17507258394.fit.gz,,,2953.0,2939.0,2750.0,2.48,0.936,0.0,0.0,0.0,0.0,0.0,0.0,,,,,,,,,393.0,,,,,,,,,,,,,,,,0.0,,1.0,,,,,,,,,,,,,,,,,,,,,,,,,,,,0.931,0.0,,,,,0.0,25.0,,,,,,0.0,,,,,""
16432454587,"12 nov 2025, 6:11:16",Nataci√≥n de ma√±ana,Nataci√≥n,,2818,2.500,,,false,,,activities/17518676720.fit.gz,,,2818.0,2778.0,2500.0,2.579,0.9,0.0,0.0,0.0,0.0,0.0,0.0,,,,,,,,,394.0,,,,,,,,,,,,,,,,0.0,,1.0,,,,,,,,,,,,,,,,,,,,,,,,,,,,0.887,0.0,,,,,0.0,25.0,,,,,,,,,,,""
16442857167,"13 nov 2025, 6:16:03",Nataci√≥n de ma√±ana,Nataci√≥n,,2797,2.500,,,false,,,activities/17529133931.fit.gz,,,2797.0,2785.0,2500.0,2.75,0.898,0.0,0.0,0.0,0.0,0.0,0.0,,,,,,,,,408.0,,,,,,,,,,,,,,,,0.0,,1.0,,,,,,,,,,,,,,,,,,,,,,,,,,,,0.894,0.0,,,,,0.0,25.0,,,,,,,,,,,""
16481953146,"17 nov 2025, 6:18:37",Nataci√≥n de ma√±ana,Nataci√≥n,,2776,2.500,,,false,,,activities/17568611910.fit.gz,,,2776.0,2760.0,2500.0,2.475,0.906,0.0,0.0,0.0,0.0,0.0,0.0,,,,,,,,,395.0,,,,,,,,,,,,,,,,0.0,,1.0,,,,,,,,,,,,,,,,,,,,,,,,,,,,0.901,0.0,,,,,0.0,25.0,,,,,,,,,,,""
16486669520,"17 nov 2025, 17:20:30",Carrera de noche bajo la lluvia. üåßÔ∏è cuidando el soleo.,Carrera,"",1599,"5,03",139.0,40,false,,,activities/17573359862.tcx.gz,,,1599.0,1504.0,5030.7,6.04,3.345,4.1,4.1,7.8,12.1,3.3,0.0,,,,,139.0,130.0,,,235.0,,,40.0,,,,,,,,,,,,,0.0,,1.0,5035.8,,,,,,,,,,,,,,,,,,,,,,,,,,,3.146,4953.1,,,,,0.0,,,,3.348,,,0.0,,,,,media/41AFE01F-4F08-4C10-82F7-46C3E865B943.jpg
16491546630,"18 nov 2025, 5:39:13",Bicicleta por la ma√±ana/ probando luces.,Bicicleta,"",4034,"28,73",140.0,54,false,,,activities/17578257232.tcx.gz,,9.0,4034.0,3496.0,28730.6,12.56,8.218,74.4,73.3,0.4,13.5,7.2,0.0,,,,,140.0,119.0,,155.0,453.0,,,54.0,,,,,,,,,,,,,0.0,,1.0,,,,,,,,,,,,,,,,,,,,,,,,,,,,7.122,34.7,,,,,0.0,,,,,,,0.0,,,,,""
16502201833,"19 nov 2025, 6:27:17",Probando cadena y cubierta trasera. üí™üèªüî±,Bicicleta,"",3770,"28,60",,,false,,,activities/16502201833.gpx,,9.0,3770.0,3573.0,28603.9,13.02,8.006,69.3,68.3,0.4,13.5,6.9,0.0,,,,,,,,148.0,591.0,,,,,,,,,,,,,,,,0.0,,1.0,,,,,,,,,,,,,,,,,,,,,,,,,,,,7.587,72.0,,,,,0.0,,,,,,,,,,,,""
16511893901,"20 nov 2025, 6:13:31",Nataci√≥n de ma√±ana / üèä‚Äç‚ôÇÔ∏è,Nataci√≥n,"",2749,2.500,,,false,,,activities/17598735052.fit.gz,,,2749.0,2736.0,2500.0,2.605,0.914,0.0,0.0,0.0,0.0,0.0,0.0,,,,,,,,,395.0,,,,,,,,,,,,,,,,0.0,,1.0,,,,,,,,,,,,,,,,,,,,,,,,,,,,0.909,0.0,,,,,0.0,25.0,,,,,,0.0,,,,,""
16516902047,"20 nov 2025, 17:22:28",Carrera de noche volvi√≥ DV.,Carrera,"",1653,"4,87",144.0,18,false,,,activities/17603810680.tcx.gz,,,1653.0,1539.0,4870.5,9.28,3.165,4.0,4.0,7.8,11.9,4.0,0.0,,,,,144.0,120.0,,,211.0,,,18.0,,,,,,,,,,,,,0.0,,1.0,4875.2,,,,,,,,,,,,,,,,,,,,,,,,,,,2.946,4475.2,,,,,0.0,,,,3.168,,,0.0,,,,,media/CD77786A-A827-4E42-915E-F3A38BB94319.jpg
16532229043,"22 nov 2025, 6:41:54",Bicicleta por la ma√±ana. Con el equipo TRICNP.,Bicicleta,"",16109,"74,72",177.0,100,false,,,activities/17619329865.tcx.gz,,9.0,16109.0,11339.0,74728.9,16.72,6.59,740.3,736.4,7.3,591.4,12.8,0.0,,,,,177.0,107.0,,127.0,1165.0,,,100.0,,,,,,,,,,,,,0.0,,1.0,,,,,,,,,,,,,,,,,,,,,,,,,,,,4.639,199.4,,,,,0.0,,,,,,,0.0,,,,,media/ABF68FB9-9ECE-4A76-90C0-44A5B2BED84B.jpg|media/79A70E6A-6B93-4854-A547-B63625456E76.jpg
16554210965,"24 nov 2025, 17:22:06",Carrera de noche y gracias. Todav√≠a tocado.,Carrera,"",1600,"5,14",157.0,70,false,,,activities/17641619316.tcx.gz,,,1600.0,1450.0,5141.1,5.68,3.546,4.2,4.2,7.8,12.2,3.6,0.0,,,,,157.0,144.0,,,263.0,,,70.0,,,,,,,,,,,,,0.0,,1.0,5145.8,,,,,,,,,,,,,,,,,,,,,,,,,,,3.213,5082.9,,,,,0.0,,,,3.549,,,0.0,,,,,media/E4EDF5DC-1EC0-4AEE-81D1-A6631E22E61C.jpg
16569381837,"26 nov 2025, 5:28:17",Que aire.,Bicicleta,"",3442,"28,49",,,false,,,activities/16569381837.gpx,,9.0,3442.0,3421.0,28493.2,14.3,8.329,68.3,67.2,0.4,13.0,6.8,0.0,,,,,,,,153.0,583.0,,,,,,,,,,,,,,,,0.0,,1.0,,,,,,,,,,,,,,,,,,,,,,,,,,,,8.278,22.7,,,,,0.0,,,,,,,,,,,,media/E1355702-80F6-44C4-A784-18A5ECA74BB5.jpg
16584536812,"27 nov 2025, 17:33:50",Carrera de noche protegiendo el soleo.,Carrera,"",1633,"5,13",151.0,37,false,,,activities/17672440018.tcx.gz,,,1633.0,1619.0,5138.6,6.22,3.174,4.3,4.2,7.8,12.3,3.1,0.0,,,,,151.0,129.0,,,236.0,,,37.0,,,,,,,,,,,,,0.0,,1.0,5143.8,,,,,,,,,,,,,,,,,,,,,,,,,,,3.147,5143.8,,,,,0.0,,,,3.177,,,0.0,,,,,""
16599877975,"29 nov 2025, 7:17:13",Bicicleta por la ma√±ana con TRICNP.,Bicicleta,"",18258,"96,72",183.0,178,false,,,activities/17688075587.tcx.gz,,9.0,18258.0,14247.0,96721.6,18.04,6.789,671.1,671.1,7.2,490.7,14.5,0.0,,,,,183.0,116.0,,123.0,1700.0,,,178.0,,,,,,,,,,,,,0.0,,1.0,,,,,,,,,,,,,,,,,,,,,,,,,,,,5.297,2121.7,,,,,0.0,,,,,,,0.0,,,,,media/7152B7E8-EC59-4658-A7D2-552C309DC6CB.jpg
16620628804,"1 dic 2025, 17:24:53",Cuid√°ndome y mejorando.,Carrera,"",1610,"5,07",151.0,51,false,,,activities/17709228808.tcx.gz,,,1610.0,1528.0,5072.3,6.0,3.32,4.0,4.1,7.8,12.1,12.5,0.0,,,,,151.0,136.0,,,249.0,,,51.0,,,,,,,,,,,,,0.0,,1.0,5075.6,,,,,,,,,,,,,,,,,,,,,,,,,,,3.15,4876.0,,,,,0.0,,,,3.322,,,0.0,,,,,media/2945A01F-A638-42F5-910B-CB12B01FECC7.jpg
16625577773,"2 dic 2025, 6:12:02",Nataci√≥n de ma√±ana/ he vuelto.,Nataci√≥n,"",2868,2.500,,,false,,,activities/17714232986.fit.gz,,,2868.0,2854.0,2500.0,2.912,0.876,0.0,0.0,0.0,0.0,0.0,0.0,,,,,,,,,372.0,,,,,,,,,,,,,,,,0.0,,1.0,,,,,,,,,,,,,,,,,,,,,,,,,,,,0.872,0.0,,,,,0.0,25.0,,,,,,0.0,,,,,""
16635587355,"3 dic 2025, 5:41:28",Oscuridad y fr√≠o ü•∂.,Bicicleta,"",2674,"24,05",,,false,,,activities/16635587355.gpx,,9.0,2674.0,2674.0,24053.8,13.4,8.995,52.4,56.7,0.4,13.0,6.9,0.0,,,,,,,,172.0,513.0,,,,,,,,,,,,,,,,0.0,,1.0,,,,,,,,,,,,,,,,,,,,,,,,,,,,8.995,0.0,,,,,0.0,,,,,,,,,,,,media/F5116C8B-56D9-4605-9D11-12DA36AE809D.jpg
16645512371,"4 dic 2025, 6:11:14",Nataci√≥n de ma√±ana / problemas con las gafas. Tiron intercostal. Olvidado ü•≥,Nataci√≥n,"",2816,2.525,,,false,,,activities/17734436045.fit.gz,,,2816.0,2803.0,2525.0,4.125,0.901,0.0,0.0,0.0,0.0,0.0,0.0,,,,,,,,,387.0,,,,,,,,,,,,,,,,0.0,,1.0,,,,,,,,,,,,,,,,,,,,,,,,,,,,0.897,0.0,,,,,0.0,25.0,,,,,,0.0,,,,,""
16649809334,"4 dic 2025, 17:16:20",Carrera de noche/mejora el tend√≥n- mejora el ritmo.,Carrera,"",1422,"4,42",159.0,57,false,,,activities/17738795579.tcx.gz,,,1422.0,1157.0,4426.3,5.98,3.826,4.1,3.0,7.8,13.1,2.9,-0.1,,,,,159.0,146.0,,,213.0,,,57.0,,,,,,,,,,,,,0.0,,1.0,4430.7,,,,,,,,,,,,,,,,,,,,,,,,,,,3.113,4426.3,,,,,0.0,,,,3.829,,,0.0,,,,,media/1CACAC6E-9EE9-4097-87FF-CCD7AC5529C5.jpg|media/1B8E8558-86A8-4FFD-883C-BB27CEA16FB1.jpg
16665575910,"6 dic 2025, 7:41:10",Con el club triatl√≥n Patacona.,Bicicleta,"",17680,"79,87",,,false,,,activities/16665575910.gpx,,9.0,17680.0,11701.0,79874.7,14.44,6.826,566.1,566.1,7.1,304.7,10.0,0.0,,,,,,,,118.0,1536.0,,,,,,,,,,,,,,,,0.0,,1.0,,,,,,,,,,,,,,,,,,,,,,,,,,,,4.518,1471.6,,,,,0.0,,,,,,,0.0,,,,,media/1B7FE8BA-82B8-4D59-B0DE-2149A3CD958C.jpg|media/AB1C7B05-0182-4058-A8C8-84A63CE533CB.jpg|media/A259F0B6-E221-4582-94FA-3706F29E7CCE.jpg
16685837501,"8 dic 2025, 16:04:04","Carrera de tarde, con AISHA ‚ù§Ô∏è‚Äçüî•‚ù§Ô∏è‚Äçüî•",Carrera,"",2511,"4,88",150.0,49,false,,,activities/17775461647.tcx.gz,,,2511.0,1377.0,4884.9,7.18,3.547,4.1,3.6,7.8,12.1,3.0,0.0,,,,,150.0,138.0,,,469.0,,,49.0,,,,,,,,,,,,,0.0,,1.0,4888.6,,,,,,,,,,,,,,,,,,,,,,,,,,,1.945,4887.1,,,,,0.0,,,,3.55,,,0.0,,,,,media/F8E971E7-9D81-4D70-9693-CCD69102B71D.jpg
16691858412,"9 dic 2025, 6:13:54",Nataci√≥n de ma√±ana / ir hay que ir.,Nataci√≥n,"",2926,2.500,,,false,,,activities/17781554213.fit.gz,,,2926.0,2911.0,2500.0,2.605,0.859,0.0,0.0,0.0,0.0,0.0,0.0,,,,,,,,,382.0,,,,,,,,,,,,,,,,0.0,,1.0,,,,,,,,,,,,,,,,,,,,,,,,,,,,0.854,0.0,,,,,0.0,25.0,,,,,,0.0,,,,,""
16700676741,"10 dic 2025, 5:34:57",Bicicleta matutina,Bicicleta,"",2702,"24,58",,,false,,,activities/16700676741.gpx,,9.0,2702.0,2688.0,24583.5,13.06,9.146,59.3,59.4,0.4,13.0,6.8,0.0,,,,,,,,181.0,543.0,,,,,,,,,,,,,,,,0.0,,1.0,,,,,,,,,,,,,,,,,,,,,,,,,,,,9.098,0.0,,,,,0.0,,,,,,,,,,,,""
16710454553,"11 dic 2025, 6:14:55",Nataci√≥n de ma√±ana. Por qu√© entreno?? Porque cada entrenamiento conf√≠o un poco m√°s en mi. ü§≠ü§≠,Nataci√≥n,"",2915,2.500,,,false,,,activities/17800338449.fit.gz,,,2915.0,2901.0,2500.0,2.063,0.862,0.0,0.0,0.0,0.0,0.0,0.0,,,,,,,,,381.0,,,,,,,,,,,,,,,,0.0,,1.0,,,,,,,,,,,,,,,,,,,,,,,,,,,,0.858,0.0,,,,,0.0,25.0,,,,,,0.0,,,,,""
16715057658,"11 dic 2025, 17:23:01","Carrera de noche/ construyendo base, cuidando musculatura. La velocidad la tengo. ü§≠ü§≠üòú",Carrera,"",1572,"5,06",148.0,46,false,,,activities/17805004458.tcx.gz,,,1572.0,1526.0,5064.6,5.02,3.319,4.2,4.2,7.8,12.2,6.9,0.0,,,,,148.0,134.0,,,486.0,,,46.0,,,,,,,,,,,,,0.0,,1.0,5069.0,,,,,,,,,,,,,,,,,,,,,,,,,,,3.222,5067.5,,,,,0.0,,,,3.322,,,0.0,,,,,""
